name, timestamp, uuid, utilization.gpu [%], memory.total [MiB], utilization.memory [%], power.draw [W]
NVIDIA A100-PCIE-40GB, 2023/06/11 15:46:11.598, GPU-19aad27d-53fb-dfa9-de70-73d639bcad94, 0 %, 40960 MiB, 0 %, 35.38 W
NVIDIA A100-PCIE-40GB, 2023/06/11 15:46:12.604, GPU-19aad27d-53fb-dfa9-de70-73d639bcad94, 0 %, 40960 MiB, 0 %, 53.36 W
NVIDIA A100-PCIE-40GB, 2023/06/11 15:46:13.607, GPU-19aad27d-53fb-dfa9-de70-73d639bcad94, 0 %, 40960 MiB, 0 %, 53.26 W
NVIDIA A100-PCIE-40GB, 2023/06/11 15:46:14.611, GPU-19aad27d-53fb-dfa9-de70-73d639bcad94, 0 %, 40960 MiB, 0 %, 35.28 W
NVIDIA A100-PCIE-40GB, 2023/06/11 15:46:15.614, GPU-19aad27d-53fb-dfa9-de70-73d639bcad94, 0 %, 40960 MiB, 0 %, 35.28 W
NVIDIA A100-PCIE-40GB, 2023/06/11 15:46:16.619, GPU-19aad27d-53fb-dfa9-de70-73d639bcad94, 0 %, 40960 MiB, 0 %, 35.28 W
NVIDIA A100-PCIE-40GB, 2023/06/11 15:46:17.625, GPU-19aad27d-53fb-dfa9-de70-73d639bcad94, 0 %, 40960 MiB, 0 %, 35.38 W
NVIDIA A100-PCIE-40GB, 2023/06/11 15:46:18.632, GPU-19aad27d-53fb-dfa9-de70-73d639bcad94, 0 %, 40960 MiB, 0 %, 35.28 W
NVIDIA A100-PCIE-40GB, 2023/06/11 15:46:19.639, GPU-19aad27d-53fb-dfa9-de70-73d639bcad94, 0 %, 40960 MiB, 0 %, 35.28 W
NVIDIA A100-PCIE-40GB, 2023/06/11 15:46:20.646, GPU-19aad27d-53fb-dfa9-de70-73d639bcad94, 0 %, 40960 MiB, 0 %, 35.18 W
NVIDIA A100-PCIE-40GB, 2023/06/11 15:46:21.653, GPU-19aad27d-53fb-dfa9-de70-73d639bcad94, 0 %, 40960 MiB, 0 %, 35.18 W
NVIDIA A100-PCIE-40GB, 2023/06/11 15:46:22.660, GPU-19aad27d-53fb-dfa9-de70-73d639bcad94, 0 %, 40960 MiB, 0 %, 33.51 W
NVIDIA A100-PCIE-40GB, 2023/06/11 15:46:23.664, GPU-19aad27d-53fb-dfa9-de70-73d639bcad94, 0 %, 40960 MiB, 0 %, 33.42 W
NVIDIA A100-PCIE-40GB, 2023/06/11 15:46:24.668, GPU-19aad27d-53fb-dfa9-de70-73d639bcad94, 0 %, 40960 MiB, 0 %, 33.40 W
NVIDIA A100-PCIE-40GB, 2023/06/11 15:46:25.673, GPU-19aad27d-53fb-dfa9-de70-73d639bcad94, 0 %, 40960 MiB, 0 %, 33.42 W
NVIDIA A100-PCIE-40GB, 2023/06/11 15:46:26.677, GPU-19aad27d-53fb-dfa9-de70-73d639bcad94, 0 %, 40960 MiB, 0 %, 33.42 W
NVIDIA A100-PCIE-40GB, 2023/06/11 15:46:27.683, GPU-19aad27d-53fb-dfa9-de70-73d639bcad94, 0 %, 40960 MiB, 0 %, 33.31 W
NVIDIA A100-PCIE-40GB, 2023/06/11 15:46:28.688, GPU-19aad27d-53fb-dfa9-de70-73d639bcad94, 0 %, 40960 MiB, 0 %, 33.42 W
NVIDIA A100-PCIE-40GB, 2023/06/11 15:46:29.692, GPU-19aad27d-53fb-dfa9-de70-73d639bcad94, 0 %, 40960 MiB, 0 %, 33.32 W
NVIDIA A100-PCIE-40GB, 2023/06/11 15:46:30.696, GPU-19aad27d-53fb-dfa9-de70-73d639bcad94, 0 %, 40960 MiB, 0 %, 33.42 W
NVIDIA A100-PCIE-40GB, 2023/06/11 15:46:31.701, GPU-19aad27d-53fb-dfa9-de70-73d639bcad94, 0 %, 40960 MiB, 0 %, 33.31 W
NVIDIA A100-PCIE-40GB, 2023/06/11 15:46:32.707, GPU-19aad27d-53fb-dfa9-de70-73d639bcad94, 0 %, 40960 MiB, 0 %, 33.31 W
NVIDIA A100-PCIE-40GB, 2023/06/11 15:46:33.711, GPU-19aad27d-53fb-dfa9-de70-73d639bcad94, 0 %, 40960 MiB, 0 %, 33.31 W
NVIDIA A100-PCIE-40GB, 2023/06/11 15:46:34.715, GPU-19aad27d-53fb-dfa9-de70-73d639bcad94, 0 %, 40960 MiB, 0 %, 33.21 W
NVIDIA A100-PCIE-40GB, 2023/06/11 15:46:35.719, GPU-19aad27d-53fb-dfa9-de70-73d639bcad94, 0 %, 40960 MiB, 0 %, 33.21 W
NVIDIA A100-PCIE-40GB, 2023/06/11 15:46:36.724, GPU-19aad27d-53fb-dfa9-de70-73d639bcad94, 0 %, 40960 MiB, 0 %, 33.21 W
NVIDIA A100-PCIE-40GB, 2023/06/11 15:46:37.730, GPU-19aad27d-53fb-dfa9-de70-73d639bcad94, 0 %, 40960 MiB, 0 %, 33.21 W
NVIDIA A100-PCIE-40GB, 2023/06/11 15:46:38.734, GPU-19aad27d-53fb-dfa9-de70-73d639bcad94, 0 %, 40960 MiB, 0 %, 33.21 W
NVIDIA A100-PCIE-40GB, 2023/06/11 15:46:39.739, GPU-19aad27d-53fb-dfa9-de70-73d639bcad94, 0 %, 40960 MiB, 0 %, 33.11 W
NVIDIA A100-PCIE-40GB, 2023/06/11 15:46:40.743, GPU-19aad27d-53fb-dfa9-de70-73d639bcad94, 0 %, 40960 MiB, 0 %, 33.21 W
NVIDIA A100-PCIE-40GB, 2023/06/11 15:46:41.749, GPU-19aad27d-53fb-dfa9-de70-73d639bcad94, 0 %, 40960 MiB, 0 %, 33.21 W
NVIDIA A100-PCIE-40GB, 2023/06/11 15:46:42.753, GPU-19aad27d-53fb-dfa9-de70-73d639bcad94, 0 %, 40960 MiB, 0 %, 33.21 W
NVIDIA A100-PCIE-40GB, 2023/06/11 15:46:43.760, GPU-19aad27d-53fb-dfa9-de70-73d639bcad94, 0 %, 40960 MiB, 0 %, 39.38 W
NVIDIA A100-PCIE-40GB, 2023/06/11 15:46:44.766, GPU-19aad27d-53fb-dfa9-de70-73d639bcad94, 0 %, 40960 MiB, 0 %, 39.48 W
NVIDIA A100-PCIE-40GB, 2023/06/11 15:46:45.771, GPU-19aad27d-53fb-dfa9-de70-73d639bcad94, 0 %, 40960 MiB, 0 %, 33.21 W
NVIDIA A100-PCIE-40GB, 2023/06/11 15:46:46.779, GPU-19aad27d-53fb-dfa9-de70-73d639bcad94, 0 %, 40960 MiB, 0 %, 33.11 W
NVIDIA A100-PCIE-40GB, 2023/06/11 15:46:47.785, GPU-19aad27d-53fb-dfa9-de70-73d639bcad94, 0 %, 40960 MiB, 0 %, 33.11 W
NVIDIA A100-PCIE-40GB, 2023/06/11 15:46:48.790, GPU-19aad27d-53fb-dfa9-de70-73d639bcad94, 0 %, 40960 MiB, 0 %, 33.21 W
NVIDIA A100-PCIE-40GB, 2023/06/11 15:46:49.794, GPU-19aad27d-53fb-dfa9-de70-73d639bcad94, 0 %, 40960 MiB, 0 %, 33.11 W
NVIDIA A100-PCIE-40GB, 2023/06/11 15:46:50.798, GPU-19aad27d-53fb-dfa9-de70-73d639bcad94, 0 %, 40960 MiB, 0 %, 33.11 W
NVIDIA A100-PCIE-40GB, 2023/06/11 15:46:51.803, GPU-19aad27d-53fb-dfa9-de70-73d639bcad94, 0 %, 40960 MiB, 0 %, 33.11 W
NVIDIA A100-PCIE-40GB, 2023/06/11 15:46:52.810, GPU-19aad27d-53fb-dfa9-de70-73d639bcad94, 0 %, 40960 MiB, 0 %, 33.11 W
NVIDIA A100-PCIE-40GB, 2023/06/11 15:46:53.817, GPU-19aad27d-53fb-dfa9-de70-73d639bcad94, 0 %, 40960 MiB, 0 %, 33.02 W
NVIDIA A100-PCIE-40GB, 2023/06/11 15:46:54.821, GPU-19aad27d-53fb-dfa9-de70-73d639bcad94, 0 %, 40960 MiB, 0 %, 33.02 W
NVIDIA A100-PCIE-40GB, 2023/06/11 15:46:55.826, GPU-19aad27d-53fb-dfa9-de70-73d639bcad94, 0 %, 40960 MiB, 0 %, 33.02 W
NVIDIA A100-PCIE-40GB, 2023/06/11 15:46:56.830, GPU-19aad27d-53fb-dfa9-de70-73d639bcad94, 0 %, 40960 MiB, 0 %, 33.02 W
NVIDIA A100-PCIE-40GB, 2023/06/11 15:46:57.836, GPU-19aad27d-53fb-dfa9-de70-73d639bcad94, 0 %, 40960 MiB, 0 %, 33.11 W
NVIDIA A100-PCIE-40GB, 2023/06/11 15:46:58.844, GPU-19aad27d-53fb-dfa9-de70-73d639bcad94, 0 %, 40960 MiB, 0 %, 33.21 W
NVIDIA A100-PCIE-40GB, 2023/06/11 15:46:59.852, GPU-19aad27d-53fb-dfa9-de70-73d639bcad94, 0 %, 40960 MiB, 0 %, 32.92 W
NVIDIA A100-PCIE-40GB, 2023/06/11 15:47:00.859, GPU-19aad27d-53fb-dfa9-de70-73d639bcad94, 0 %, 40960 MiB, 0 %, 32.92 W
NVIDIA A100-PCIE-40GB, 2023/06/11 15:47:01.865, GPU-19aad27d-53fb-dfa9-de70-73d639bcad94, 0 %, 40960 MiB, 0 %, 33.02 W
NVIDIA A100-PCIE-40GB, 2023/06/11 15:47:02.869, GPU-19aad27d-53fb-dfa9-de70-73d639bcad94, 0 %, 40960 MiB, 0 %, 32.92 W
NVIDIA A100-PCIE-40GB, 2023/06/11 15:47:03.873, GPU-19aad27d-53fb-dfa9-de70-73d639bcad94, 0 %, 40960 MiB, 0 %, 33.02 W
NVIDIA A100-PCIE-40GB, 2023/06/11 15:47:04.878, GPU-19aad27d-53fb-dfa9-de70-73d639bcad94, 0 %, 40960 MiB, 0 %, 32.92 W
NVIDIA A100-PCIE-40GB, 2023/06/11 15:47:05.882, GPU-19aad27d-53fb-dfa9-de70-73d639bcad94, 0 %, 40960 MiB, 0 %, 32.82 W
NVIDIA A100-PCIE-40GB, 2023/06/11 15:47:06.890, GPU-19aad27d-53fb-dfa9-de70-73d639bcad94, 0 %, 40960 MiB, 0 %, 33.02 W
NVIDIA A100-PCIE-40GB, 2023/06/11 15:47:07.899, GPU-19aad27d-53fb-dfa9-de70-73d639bcad94, 0 %, 40960 MiB, 0 %, 33.02 W
NVIDIA A100-PCIE-40GB, 2023/06/11 15:47:08.906, GPU-19aad27d-53fb-dfa9-de70-73d639bcad94, 0 %, 40960 MiB, 0 %, 32.92 W
NVIDIA A100-PCIE-40GB, 2023/06/11 15:47:09.913, GPU-19aad27d-53fb-dfa9-de70-73d639bcad94, 0 %, 40960 MiB, 0 %, 32.82 W
NVIDIA A100-PCIE-40GB, 2023/06/11 15:47:10.917, GPU-19aad27d-53fb-dfa9-de70-73d639bcad94, 0 %, 40960 MiB, 0 %, 32.92 W
NVIDIA A100-PCIE-40GB, 2023/06/11 15:47:11.921, GPU-19aad27d-53fb-dfa9-de70-73d639bcad94, 0 %, 40960 MiB, 0 %, 32.92 W
NVIDIA A100-PCIE-40GB, 2023/06/11 15:47:12.926, GPU-19aad27d-53fb-dfa9-de70-73d639bcad94, 0 %, 40960 MiB, 0 %, 32.82 W
NVIDIA A100-PCIE-40GB, 2023/06/11 15:47:13.930, GPU-19aad27d-53fb-dfa9-de70-73d639bcad94, 0 %, 40960 MiB, 0 %, 32.82 W
NVIDIA A100-PCIE-40GB, 2023/06/11 15:47:14.934, GPU-19aad27d-53fb-dfa9-de70-73d639bcad94, 0 %, 40960 MiB, 0 %, 32.82 W
NVIDIA A100-PCIE-40GB, 2023/06/11 15:47:15.941, GPU-19aad27d-53fb-dfa9-de70-73d639bcad94, 0 %, 40960 MiB, 0 %, 33.21 W
NVIDIA A100-PCIE-40GB, 2023/06/11 15:47:16.948, GPU-19aad27d-53fb-dfa9-de70-73d639bcad94, 0 %, 40960 MiB, 0 %, 37.34 W
NVIDIA A100-PCIE-40GB, 2023/06/11 15:47:17.954, GPU-19aad27d-53fb-dfa9-de70-73d639bcad94, 0 %, 40960 MiB, 0 %, 32.82 W
NVIDIA A100-PCIE-40GB, 2023/06/11 15:47:18.961, GPU-19aad27d-53fb-dfa9-de70-73d639bcad94, 0 %, 40960 MiB, 0 %, 32.82 W
NVIDIA A100-PCIE-40GB, 2023/06/11 15:47:19.967, GPU-19aad27d-53fb-dfa9-de70-73d639bcad94, 0 %, 40960 MiB, 0 %, 32.82 W
NVIDIA A100-PCIE-40GB, 2023/06/11 15:47:20.974, GPU-19aad27d-53fb-dfa9-de70-73d639bcad94, 0 %, 40960 MiB, 0 %, 32.82 W
NVIDIA A100-PCIE-40GB, 2023/06/11 15:47:21.978, GPU-19aad27d-53fb-dfa9-de70-73d639bcad94, 0 %, 40960 MiB, 0 %, 32.73 W
NVIDIA A100-PCIE-40GB, 2023/06/11 15:47:22.983, GPU-19aad27d-53fb-dfa9-de70-73d639bcad94, 0 %, 40960 MiB, 0 %, 32.82 W
NVIDIA A100-PCIE-40GB, 2023/06/11 15:47:23.987, GPU-19aad27d-53fb-dfa9-de70-73d639bcad94, 0 %, 40960 MiB, 0 %, 32.82 W
NVIDIA A100-PCIE-40GB, 2023/06/11 15:47:24.991, GPU-19aad27d-53fb-dfa9-de70-73d639bcad94, 0 %, 40960 MiB, 0 %, 32.82 W
NVIDIA A100-PCIE-40GB, 2023/06/11 15:47:25.996, GPU-19aad27d-53fb-dfa9-de70-73d639bcad94, 0 %, 40960 MiB, 0 %, 32.73 W
NVIDIA A100-PCIE-40GB, 2023/06/11 15:47:27.001, GPU-19aad27d-53fb-dfa9-de70-73d639bcad94, 0 %, 40960 MiB, 0 %, 32.82 W
NVIDIA A100-PCIE-40GB, 2023/06/11 15:47:28.008, GPU-19aad27d-53fb-dfa9-de70-73d639bcad94, 0 %, 40960 MiB, 0 %, 32.63 W
NVIDIA A100-PCIE-40GB, 2023/06/11 15:47:29.016, GPU-19aad27d-53fb-dfa9-de70-73d639bcad94, 0 %, 40960 MiB, 0 %, 32.73 W
NVIDIA A100-PCIE-40GB, 2023/06/11 15:47:30.023, GPU-19aad27d-53fb-dfa9-de70-73d639bcad94, 0 %, 40960 MiB, 0 %, 32.63 W
NVIDIA A100-PCIE-40GB, 2023/06/11 15:47:31.027, GPU-19aad27d-53fb-dfa9-de70-73d639bcad94, 0 %, 40960 MiB, 0 %, 32.73 W
NVIDIA A100-PCIE-40GB, 2023/06/11 15:47:32.032, GPU-19aad27d-53fb-dfa9-de70-73d639bcad94, 0 %, 40960 MiB, 0 %, 32.63 W
NVIDIA A100-PCIE-40GB, 2023/06/11 15:47:33.037, GPU-19aad27d-53fb-dfa9-de70-73d639bcad94, 0 %, 40960 MiB, 0 %, 32.73 W
NVIDIA A100-PCIE-40GB, 2023/06/11 15:47:34.041, GPU-19aad27d-53fb-dfa9-de70-73d639bcad94, 0 %, 40960 MiB, 0 %, 32.63 W
NVIDIA A100-PCIE-40GB, 2023/06/11 15:47:35.046, GPU-19aad27d-53fb-dfa9-de70-73d639bcad94, 0 %, 40960 MiB, 0 %, 32.63 W
NVIDIA A100-PCIE-40GB, 2023/06/11 15:47:36.053, GPU-19aad27d-53fb-dfa9-de70-73d639bcad94, 0 %, 40960 MiB, 0 %, 32.63 W
NVIDIA A100-PCIE-40GB, 2023/06/11 15:47:37.057, GPU-19aad27d-53fb-dfa9-de70-73d639bcad94, 0 %, 40960 MiB, 0 %, 32.63 W
NVIDIA A100-PCIE-40GB, 2023/06/11 15:47:38.061, GPU-19aad27d-53fb-dfa9-de70-73d639bcad94, 0 %, 40960 MiB, 0 %, 32.63 W
NVIDIA A100-PCIE-40GB, 2023/06/11 15:47:39.066, GPU-19aad27d-53fb-dfa9-de70-73d639bcad94, 0 %, 40960 MiB, 0 %, 32.63 W
NVIDIA A100-PCIE-40GB, 2023/06/11 15:47:40.072, GPU-19aad27d-53fb-dfa9-de70-73d639bcad94, 0 %, 40960 MiB, 0 %, 32.63 W
NVIDIA A100-PCIE-40GB, 2023/06/11 15:47:41.077, GPU-19aad27d-53fb-dfa9-de70-73d639bcad94, 0 %, 40960 MiB, 0 %, 32.63 W
NVIDIA A100-PCIE-40GB, 2023/06/11 15:47:42.081, GPU-19aad27d-53fb-dfa9-de70-73d639bcad94, 0 %, 40960 MiB, 0 %, 32.63 W
NVIDIA A100-PCIE-40GB, 2023/06/11 15:47:43.086, GPU-19aad27d-53fb-dfa9-de70-73d639bcad94, 0 %, 40960 MiB, 0 %, 32.63 W
NVIDIA A100-PCIE-40GB, 2023/06/11 15:47:44.090, GPU-19aad27d-53fb-dfa9-de70-73d639bcad94, 0 %, 40960 MiB, 0 %, 32.63 W
NVIDIA A100-PCIE-40GB, 2023/06/11 15:47:45.096, GPU-19aad27d-53fb-dfa9-de70-73d639bcad94, 0 %, 40960 MiB, 0 %, 32.53 W
NVIDIA A100-PCIE-40GB, 2023/06/11 15:47:46.101, GPU-19aad27d-53fb-dfa9-de70-73d639bcad94, 0 %, 40960 MiB, 0 %, 32.63 W
NVIDIA A100-PCIE-40GB, 2023/06/11 15:47:47.105, GPU-19aad27d-53fb-dfa9-de70-73d639bcad94, 0 %, 40960 MiB, 0 %, 32.63 W
NVIDIA A100-PCIE-40GB, 2023/06/11 15:47:48.109, GPU-19aad27d-53fb-dfa9-de70-73d639bcad94, 0 %, 40960 MiB, 0 %, 32.63 W
NVIDIA A100-PCIE-40GB, 2023/06/11 15:47:49.113, GPU-19aad27d-53fb-dfa9-de70-73d639bcad94, 0 %, 40960 MiB, 0 %, 45.56 W
NVIDIA A100-PCIE-40GB, 2023/06/11 15:47:50.119, GPU-19aad27d-53fb-dfa9-de70-73d639bcad94, 0 %, 40960 MiB, 0 %, 45.56 W
NVIDIA A100-PCIE-40GB, 2023/06/11 15:47:51.124, GPU-19aad27d-53fb-dfa9-de70-73d639bcad94, 0 %, 40960 MiB, 0 %, 32.63 W
NVIDIA A100-PCIE-40GB, 2023/06/11 15:47:52.131, GPU-19aad27d-53fb-dfa9-de70-73d639bcad94, 0 %, 40960 MiB, 0 %, 32.63 W
NVIDIA A100-PCIE-40GB, 2023/06/11 15:47:53.135, GPU-19aad27d-53fb-dfa9-de70-73d639bcad94, 0 %, 40960 MiB, 0 %, 32.53 W
NVIDIA A100-PCIE-40GB, 2023/06/11 15:47:54.139, GPU-19aad27d-53fb-dfa9-de70-73d639bcad94, 0 %, 40960 MiB, 0 %, 32.63 W
NVIDIA A100-PCIE-40GB, 2023/06/11 15:47:55.144, GPU-19aad27d-53fb-dfa9-de70-73d639bcad94, 0 %, 40960 MiB, 0 %, 32.63 W
NVIDIA A100-PCIE-40GB, 2023/06/11 15:47:56.148, GPU-19aad27d-53fb-dfa9-de70-73d639bcad94, 0 %, 40960 MiB, 0 %, 32.53 W
NVIDIA A100-PCIE-40GB, 2023/06/11 15:47:57.156, GPU-19aad27d-53fb-dfa9-de70-73d639bcad94, 0 %, 40960 MiB, 0 %, 32.63 W
NVIDIA A100-PCIE-40GB, 2023/06/11 15:47:58.162, GPU-19aad27d-53fb-dfa9-de70-73d639bcad94, 0 %, 40960 MiB, 0 %, 32.63 W
NVIDIA A100-PCIE-40GB, 2023/06/11 15:47:59.166, GPU-19aad27d-53fb-dfa9-de70-73d639bcad94, 0 %, 40960 MiB, 0 %, 32.53 W
NVIDIA A100-PCIE-40GB, 2023/06/11 15:48:00.171, GPU-19aad27d-53fb-dfa9-de70-73d639bcad94, 0 %, 40960 MiB, 0 %, 32.53 W
NVIDIA A100-PCIE-40GB, 2023/06/11 15:48:01.175, GPU-19aad27d-53fb-dfa9-de70-73d639bcad94, 0 %, 40960 MiB, 0 %, 32.53 W
NVIDIA A100-PCIE-40GB, 2023/06/11 15:48:02.179, GPU-19aad27d-53fb-dfa9-de70-73d639bcad94, 0 %, 40960 MiB, 0 %, 32.53 W
NVIDIA A100-PCIE-40GB, 2023/06/11 15:48:03.183, GPU-19aad27d-53fb-dfa9-de70-73d639bcad94, 0 %, 40960 MiB, 0 %, 32.53 W
NVIDIA A100-PCIE-40GB, 2023/06/11 15:48:04.190, GPU-19aad27d-53fb-dfa9-de70-73d639bcad94, 0 %, 40960 MiB, 0 %, 32.53 W
NVIDIA A100-PCIE-40GB, 2023/06/11 15:48:05.194, GPU-19aad27d-53fb-dfa9-de70-73d639bcad94, 0 %, 40960 MiB, 0 %, 32.53 W
NVIDIA A100-PCIE-40GB, 2023/06/11 15:48:06.198, GPU-19aad27d-53fb-dfa9-de70-73d639bcad94, 0 %, 40960 MiB, 0 %, 32.53 W
NVIDIA A100-PCIE-40GB, 2023/06/11 15:48:07.203, GPU-19aad27d-53fb-dfa9-de70-73d639bcad94, 0 %, 40960 MiB, 0 %, 32.53 W
NVIDIA A100-PCIE-40GB, 2023/06/11 15:48:08.207, GPU-19aad27d-53fb-dfa9-de70-73d639bcad94, 0 %, 40960 MiB, 0 %, 32.53 W
NVIDIA A100-PCIE-40GB, 2023/06/11 15:48:09.211, GPU-19aad27d-53fb-dfa9-de70-73d639bcad94, 0 %, 40960 MiB, 0 %, 32.53 W
NVIDIA A100-PCIE-40GB, 2023/06/11 15:48:10.218, GPU-19aad27d-53fb-dfa9-de70-73d639bcad94, 0 %, 40960 MiB, 0 %, 32.53 W
NVIDIA A100-PCIE-40GB, 2023/06/11 15:48:11.222, GPU-19aad27d-53fb-dfa9-de70-73d639bcad94, 0 %, 40960 MiB, 0 %, 32.53 W
NVIDIA A100-PCIE-40GB, 2023/06/11 15:48:12.226, GPU-19aad27d-53fb-dfa9-de70-73d639bcad94, 0 %, 40960 MiB, 0 %, 32.53 W
NVIDIA A100-PCIE-40GB, 2023/06/11 15:48:13.231, GPU-19aad27d-53fb-dfa9-de70-73d639bcad94, 0 %, 40960 MiB, 0 %, 32.44 W
NVIDIA A100-PCIE-40GB, 2023/06/11 15:48:14.235, GPU-19aad27d-53fb-dfa9-de70-73d639bcad94, 0 %, 40960 MiB, 0 %, 32.53 W
NVIDIA A100-PCIE-40GB, 2023/06/11 15:48:15.241, GPU-19aad27d-53fb-dfa9-de70-73d639bcad94, 0 %, 40960 MiB, 0 %, 32.63 W
NVIDIA A100-PCIE-40GB, 2023/06/11 15:48:16.248, GPU-19aad27d-53fb-dfa9-de70-73d639bcad94, 0 %, 40960 MiB, 0 %, 32.53 W
NVIDIA A100-PCIE-40GB, 2023/06/11 15:48:17.254, GPU-19aad27d-53fb-dfa9-de70-73d639bcad94, 0 %, 40960 MiB, 0 %, 32.44 W
NVIDIA A100-PCIE-40GB, 2023/06/11 15:48:18.260, GPU-19aad27d-53fb-dfa9-de70-73d639bcad94, 0 %, 40960 MiB, 0 %, 32.44 W
NVIDIA A100-PCIE-40GB, 2023/06/11 15:48:19.264, GPU-19aad27d-53fb-dfa9-de70-73d639bcad94, 0 %, 40960 MiB, 0 %, 32.44 W
NVIDIA A100-PCIE-40GB, 2023/06/11 15:48:20.268, GPU-19aad27d-53fb-dfa9-de70-73d639bcad94, 0 %, 40960 MiB, 0 %, 32.44 W
NVIDIA A100-PCIE-40GB, 2023/06/11 15:48:21.272, GPU-19aad27d-53fb-dfa9-de70-73d639bcad94, 0 %, 40960 MiB, 0 %, 32.44 W
NVIDIA A100-PCIE-40GB, 2023/06/11 15:48:22.277, GPU-19aad27d-53fb-dfa9-de70-73d639bcad94, 0 %, 40960 MiB, 0 %, 44.19 W
NVIDIA A100-PCIE-40GB, 2023/06/11 15:48:23.282, GPU-19aad27d-53fb-dfa9-de70-73d639bcad94, 0 %, 40960 MiB, 0 %, 44.29 W
NVIDIA A100-PCIE-40GB, 2023/06/11 15:48:24.285, GPU-19aad27d-53fb-dfa9-de70-73d639bcad94, 0 %, 40960 MiB, 0 %, 32.53 W
NVIDIA A100-PCIE-40GB, 2023/06/11 15:48:25.293, GPU-19aad27d-53fb-dfa9-de70-73d639bcad94, 0 %, 40960 MiB, 0 %, 32.44 W
NVIDIA A100-PCIE-40GB, 2023/06/11 15:48:26.302, GPU-19aad27d-53fb-dfa9-de70-73d639bcad94, 0 %, 40960 MiB, 0 %, 32.44 W
NVIDIA A100-PCIE-40GB, 2023/06/11 15:48:27.309, GPU-19aad27d-53fb-dfa9-de70-73d639bcad94, 0 %, 40960 MiB, 0 %, 32.44 W
NVIDIA A100-PCIE-40GB, 2023/06/11 15:48:28.316, GPU-19aad27d-53fb-dfa9-de70-73d639bcad94, 0 %, 40960 MiB, 0 %, 32.44 W
NVIDIA A100-PCIE-40GB, 2023/06/11 15:48:29.325, GPU-19aad27d-53fb-dfa9-de70-73d639bcad94, 0 %, 40960 MiB, 0 %, 32.44 W
NVIDIA A100-PCIE-40GB, 2023/06/11 15:48:30.332, GPU-19aad27d-53fb-dfa9-de70-73d639bcad94, 0 %, 40960 MiB, 0 %, 32.44 W
NVIDIA A100-PCIE-40GB, 2023/06/11 15:48:31.340, GPU-19aad27d-53fb-dfa9-de70-73d639bcad94, 0 %, 40960 MiB, 0 %, 32.44 W
NVIDIA A100-PCIE-40GB, 2023/06/11 15:48:32.347, GPU-19aad27d-53fb-dfa9-de70-73d639bcad94, 0 %, 40960 MiB, 0 %, 32.34 W
NVIDIA A100-PCIE-40GB, 2023/06/11 15:48:33.354, GPU-19aad27d-53fb-dfa9-de70-73d639bcad94, 0 %, 40960 MiB, 0 %, 32.34 W
NVIDIA A100-PCIE-40GB, 2023/06/11 15:48:34.361, GPU-19aad27d-53fb-dfa9-de70-73d639bcad94, 0 %, 40960 MiB, 0 %, 32.44 W
NVIDIA A100-PCIE-40GB, 2023/06/11 15:48:35.368, GPU-19aad27d-53fb-dfa9-de70-73d639bcad94, 0 %, 40960 MiB, 0 %, 32.44 W
NVIDIA A100-PCIE-40GB, 2023/06/11 15:48:36.373, GPU-19aad27d-53fb-dfa9-de70-73d639bcad94, 0 %, 40960 MiB, 0 %, 32.44 W
NVIDIA A100-PCIE-40GB, 2023/06/11 15:48:37.377, GPU-19aad27d-53fb-dfa9-de70-73d639bcad94, 0 %, 40960 MiB, 0 %, 32.34 W
NVIDIA A100-PCIE-40GB, 2023/06/11 15:48:38.382, GPU-19aad27d-53fb-dfa9-de70-73d639bcad94, 0 %, 40960 MiB, 0 %, 32.44 W
NVIDIA A100-PCIE-40GB, 2023/06/11 15:48:39.387, GPU-19aad27d-53fb-dfa9-de70-73d639bcad94, 0 %, 40960 MiB, 0 %, 32.44 W
NVIDIA A100-PCIE-40GB, 2023/06/11 15:48:40.391, GPU-19aad27d-53fb-dfa9-de70-73d639bcad94, 0 %, 40960 MiB, 0 %, 32.34 W
NVIDIA A100-PCIE-40GB, 2023/06/11 15:48:41.398, GPU-19aad27d-53fb-dfa9-de70-73d639bcad94, 0 %, 40960 MiB, 0 %, 32.34 W
NVIDIA A100-PCIE-40GB, 2023/06/11 15:48:42.402, GPU-19aad27d-53fb-dfa9-de70-73d639bcad94, 0 %, 40960 MiB, 0 %, 32.44 W
NVIDIA A100-PCIE-40GB, 2023/06/11 15:48:43.407, GPU-19aad27d-53fb-dfa9-de70-73d639bcad94, 0 %, 40960 MiB, 0 %, 32.44 W
NVIDIA A100-PCIE-40GB, 2023/06/11 15:48:44.411, GPU-19aad27d-53fb-dfa9-de70-73d639bcad94, 0 %, 40960 MiB, 0 %, 32.34 W
NVIDIA A100-PCIE-40GB, 2023/06/11 15:48:45.415, GPU-19aad27d-53fb-dfa9-de70-73d639bcad94, 0 %, 40960 MiB, 0 %, 32.44 W
NVIDIA A100-PCIE-40GB, 2023/06/11 15:48:46.420, GPU-19aad27d-53fb-dfa9-de70-73d639bcad94, 0 %, 40960 MiB, 0 %, 32.34 W
NVIDIA A100-PCIE-40GB, 2023/06/11 15:48:47.427, GPU-19aad27d-53fb-dfa9-de70-73d639bcad94, 0 %, 40960 MiB, 0 %, 32.34 W
NVIDIA A100-PCIE-40GB, 2023/06/11 15:48:48.431, GPU-19aad27d-53fb-dfa9-de70-73d639bcad94, 0 %, 40960 MiB, 0 %, 32.44 W
NVIDIA A100-PCIE-40GB, 2023/06/11 15:48:49.436, GPU-19aad27d-53fb-dfa9-de70-73d639bcad94, 0 %, 40960 MiB, 0 %, 32.34 W
NVIDIA A100-PCIE-40GB, 2023/06/11 15:48:50.440, GPU-19aad27d-53fb-dfa9-de70-73d639bcad94, 0 %, 40960 MiB, 0 %, 32.44 W
NVIDIA A100-PCIE-40GB, 2023/06/11 15:48:51.445, GPU-19aad27d-53fb-dfa9-de70-73d639bcad94, 0 %, 40960 MiB, 0 %, 32.34 W
NVIDIA A100-PCIE-40GB, 2023/06/11 15:48:52.450, GPU-19aad27d-53fb-dfa9-de70-73d639bcad94, 0 %, 40960 MiB, 0 %, 32.34 W
NVIDIA A100-PCIE-40GB, 2023/06/11 15:48:53.455, GPU-19aad27d-53fb-dfa9-de70-73d639bcad94, 0 %, 40960 MiB, 0 %, 32.34 W
NVIDIA A100-PCIE-40GB, 2023/06/11 15:48:54.460, GPU-19aad27d-53fb-dfa9-de70-73d639bcad94, 0 %, 40960 MiB, 0 %, 36.73 W
NVIDIA A100-PCIE-40GB, 2023/06/11 15:48:55.464, GPU-19aad27d-53fb-dfa9-de70-73d639bcad94, 0 %, 40960 MiB, 0 %, 49.17 W
NVIDIA A100-PCIE-40GB, 2023/06/11 15:48:56.467, GPU-19aad27d-53fb-dfa9-de70-73d639bcad94, 0 %, 40960 MiB, 0 %, 32.82 W
NVIDIA A100-PCIE-40GB, 2023/06/11 15:48:57.472, GPU-19aad27d-53fb-dfa9-de70-73d639bcad94, 0 %, 40960 MiB, 0 %, 32.44 W
NVIDIA A100-PCIE-40GB, 2023/06/11 15:48:58.476, GPU-19aad27d-53fb-dfa9-de70-73d639bcad94, 0 %, 40960 MiB, 0 %, 32.44 W
NVIDIA A100-PCIE-40GB, 2023/06/11 15:48:59.480, GPU-19aad27d-53fb-dfa9-de70-73d639bcad94, 0 %, 40960 MiB, 0 %, 32.44 W
NVIDIA A100-PCIE-40GB, 2023/06/11 15:49:00.486, GPU-19aad27d-53fb-dfa9-de70-73d639bcad94, 0 %, 40960 MiB, 0 %, 32.34 W
NVIDIA A100-PCIE-40GB, 2023/06/11 15:49:01.490, GPU-19aad27d-53fb-dfa9-de70-73d639bcad94, 0 %, 40960 MiB, 0 %, 32.44 W
NVIDIA A100-PCIE-40GB, 2023/06/11 15:49:02.495, GPU-19aad27d-53fb-dfa9-de70-73d639bcad94, 0 %, 40960 MiB, 0 %, 32.44 W
NVIDIA A100-PCIE-40GB, 2023/06/11 15:49:03.499, GPU-19aad27d-53fb-dfa9-de70-73d639bcad94, 0 %, 40960 MiB, 0 %, 32.34 W
NVIDIA A100-PCIE-40GB, 2023/06/11 15:49:04.503, GPU-19aad27d-53fb-dfa9-de70-73d639bcad94, 0 %, 40960 MiB, 0 %, 32.34 W
NVIDIA A100-PCIE-40GB, 2023/06/11 15:49:05.507, GPU-19aad27d-53fb-dfa9-de70-73d639bcad94, 0 %, 40960 MiB, 0 %, 32.44 W
NVIDIA A100-PCIE-40GB, 2023/06/11 15:49:06.514, GPU-19aad27d-53fb-dfa9-de70-73d639bcad94, 0 %, 40960 MiB, 0 %, 32.34 W
NVIDIA A100-PCIE-40GB, 2023/06/11 15:49:07.521, GPU-19aad27d-53fb-dfa9-de70-73d639bcad94, 0 %, 40960 MiB, 0 %, 32.34 W
NVIDIA A100-PCIE-40GB, 2023/06/11 15:49:08.526, GPU-19aad27d-53fb-dfa9-de70-73d639bcad94, 0 %, 40960 MiB, 0 %, 32.34 W
NVIDIA A100-PCIE-40GB, 2023/06/11 15:49:09.530, GPU-19aad27d-53fb-dfa9-de70-73d639bcad94, 0 %, 40960 MiB, 0 %, 32.24 W
NVIDIA A100-PCIE-40GB, 2023/06/11 15:49:10.535, GPU-19aad27d-53fb-dfa9-de70-73d639bcad94, 0 %, 40960 MiB, 0 %, 32.34 W
NVIDIA A100-PCIE-40GB, 2023/06/11 15:49:11.539, GPU-19aad27d-53fb-dfa9-de70-73d639bcad94, 0 %, 40960 MiB, 0 %, 32.34 W
NVIDIA A100-PCIE-40GB, 2023/06/11 15:49:12.543, GPU-19aad27d-53fb-dfa9-de70-73d639bcad94, 0 %, 40960 MiB, 0 %, 32.24 W
NVIDIA A100-PCIE-40GB, 2023/06/11 15:49:13.550, GPU-19aad27d-53fb-dfa9-de70-73d639bcad94, 0 %, 40960 MiB, 0 %, 32.34 W
NVIDIA A100-PCIE-40GB, 2023/06/11 15:49:14.554, GPU-19aad27d-53fb-dfa9-de70-73d639bcad94, 0 %, 40960 MiB, 0 %, 32.34 W
NVIDIA A100-PCIE-40GB, 2023/06/11 15:49:15.558, GPU-19aad27d-53fb-dfa9-de70-73d639bcad94, 0 %, 40960 MiB, 0 %, 32.34 W
NVIDIA A100-PCIE-40GB, 2023/06/11 15:49:16.563, GPU-19aad27d-53fb-dfa9-de70-73d639bcad94, 0 %, 40960 MiB, 0 %, 32.34 W
NVIDIA A100-PCIE-40GB, 2023/06/11 15:49:17.567, GPU-19aad27d-53fb-dfa9-de70-73d639bcad94, 0 %, 40960 MiB, 0 %, 32.34 W
NVIDIA A100-PCIE-40GB, 2023/06/11 15:49:18.571, GPU-19aad27d-53fb-dfa9-de70-73d639bcad94, 0 %, 40960 MiB, 0 %, 32.34 W
NVIDIA A100-PCIE-40GB, 2023/06/11 15:49:19.578, GPU-19aad27d-53fb-dfa9-de70-73d639bcad94, 0 %, 40960 MiB, 0 %, 32.34 W
NVIDIA A100-PCIE-40GB, 2023/06/11 15:49:20.582, GPU-19aad27d-53fb-dfa9-de70-73d639bcad94, 0 %, 40960 MiB, 0 %, 32.34 W
NVIDIA A100-PCIE-40GB, 2023/06/11 15:49:21.587, GPU-19aad27d-53fb-dfa9-de70-73d639bcad94, 0 %, 40960 MiB, 0 %, 32.34 W
NVIDIA A100-PCIE-40GB, 2023/06/11 15:49:22.591, GPU-19aad27d-53fb-dfa9-de70-73d639bcad94, 0 %, 40960 MiB, 0 %, 32.34 W
NVIDIA A100-PCIE-40GB, 2023/06/11 15:49:23.595, GPU-19aad27d-53fb-dfa9-de70-73d639bcad94, 0 %, 40960 MiB, 0 %, 32.24 W
NVIDIA A100-PCIE-40GB, 2023/06/11 15:49:24.601, GPU-19aad27d-53fb-dfa9-de70-73d639bcad94, 0 %, 40960 MiB, 0 %, 32.24 W
NVIDIA A100-PCIE-40GB, 2023/06/11 15:49:25.607, GPU-19aad27d-53fb-dfa9-de70-73d639bcad94, 0 %, 40960 MiB, 0 %, 32.34 W
NVIDIA A100-PCIE-40GB, 2023/06/11 15:49:26.611, GPU-19aad27d-53fb-dfa9-de70-73d639bcad94, 0 %, 40960 MiB, 0 %, 32.24 W
NVIDIA A100-PCIE-40GB, 2023/06/11 15:49:27.616, GPU-19aad27d-53fb-dfa9-de70-73d639bcad94, 0 %, 40960 MiB, 0 %, 37.43 W
NVIDIA A100-PCIE-40GB, 2023/06/11 15:49:28.619, GPU-19aad27d-53fb-dfa9-de70-73d639bcad94, 0 %, 40960 MiB, 0 %, 37.43 W
NVIDIA A100-PCIE-40GB, 2023/06/11 15:49:29.623, GPU-19aad27d-53fb-dfa9-de70-73d639bcad94, 0 %, 40960 MiB, 0 %, 32.34 W
NVIDIA A100-PCIE-40GB, 2023/06/11 15:49:30.627, GPU-19aad27d-53fb-dfa9-de70-73d639bcad94, 0 %, 40960 MiB, 0 %, 32.24 W
NVIDIA A100-PCIE-40GB, 2023/06/11 15:49:31.631, GPU-19aad27d-53fb-dfa9-de70-73d639bcad94, 0 %, 40960 MiB, 0 %, 32.24 W
NVIDIA A100-PCIE-40GB, 2023/06/11 15:49:32.636, GPU-19aad27d-53fb-dfa9-de70-73d639bcad94, 0 %, 40960 MiB, 0 %, 32.24 W
NVIDIA A100-PCIE-40GB, 2023/06/11 15:49:33.640, GPU-19aad27d-53fb-dfa9-de70-73d639bcad94, 0 %, 40960 MiB, 0 %, 32.24 W
NVIDIA A100-PCIE-40GB, 2023/06/11 15:49:34.644, GPU-19aad27d-53fb-dfa9-de70-73d639bcad94, 0 %, 40960 MiB, 0 %, 32.24 W
NVIDIA A100-PCIE-40GB, 2023/06/11 15:49:35.649, GPU-19aad27d-53fb-dfa9-de70-73d639bcad94, 0 %, 40960 MiB, 0 %, 32.24 W
NVIDIA A100-PCIE-40GB, 2023/06/11 15:49:36.654, GPU-19aad27d-53fb-dfa9-de70-73d639bcad94, 0 %, 40960 MiB, 0 %, 32.34 W
NVIDIA A100-PCIE-40GB, 2023/06/11 15:49:37.658, GPU-19aad27d-53fb-dfa9-de70-73d639bcad94, 0 %, 40960 MiB, 0 %, 32.24 W
NVIDIA A100-PCIE-40GB, 2023/06/11 15:49:38.663, GPU-19aad27d-53fb-dfa9-de70-73d639bcad94, 0 %, 40960 MiB, 0 %, 32.34 W
NVIDIA A100-PCIE-40GB, 2023/06/11 15:49:39.669, GPU-19aad27d-53fb-dfa9-de70-73d639bcad94, 0 %, 40960 MiB, 0 %, 32.24 W
NVIDIA A100-PCIE-40GB, 2023/06/11 15:49:40.677, GPU-19aad27d-53fb-dfa9-de70-73d639bcad94, 0 %, 40960 MiB, 0 %, 32.24 W
NVIDIA A100-PCIE-40GB, 2023/06/11 15:49:41.685, GPU-19aad27d-53fb-dfa9-de70-73d639bcad94, 0 %, 40960 MiB, 0 %, 32.34 W
NVIDIA A100-PCIE-40GB, 2023/06/11 15:49:42.692, GPU-19aad27d-53fb-dfa9-de70-73d639bcad94, 0 %, 40960 MiB, 0 %, 32.24 W
NVIDIA A100-PCIE-40GB, 2023/06/11 15:49:43.696, GPU-19aad27d-53fb-dfa9-de70-73d639bcad94, 0 %, 40960 MiB, 0 %, 32.34 W
NVIDIA A100-PCIE-40GB, 2023/06/11 15:49:44.701, GPU-19aad27d-53fb-dfa9-de70-73d639bcad94, 0 %, 40960 MiB, 0 %, 32.24 W
NVIDIA A100-PCIE-40GB, 2023/06/11 15:49:45.705, GPU-19aad27d-53fb-dfa9-de70-73d639bcad94, 0 %, 40960 MiB, 0 %, 32.24 W
NVIDIA A100-PCIE-40GB, 2023/06/11 15:49:46.709, GPU-19aad27d-53fb-dfa9-de70-73d639bcad94, 0 %, 40960 MiB, 0 %, 32.24 W
NVIDIA A100-PCIE-40GB, 2023/06/11 15:49:47.714, GPU-19aad27d-53fb-dfa9-de70-73d639bcad94, 0 %, 40960 MiB, 0 %, 32.24 W
NVIDIA A100-PCIE-40GB, 2023/06/11 15:49:48.720, GPU-19aad27d-53fb-dfa9-de70-73d639bcad94, 0 %, 40960 MiB, 0 %, 32.24 W
NVIDIA A100-PCIE-40GB, 2023/06/11 15:49:49.724, GPU-19aad27d-53fb-dfa9-de70-73d639bcad94, 0 %, 40960 MiB, 0 %, 32.24 W
NVIDIA A100-PCIE-40GB, 2023/06/11 15:49:50.729, GPU-19aad27d-53fb-dfa9-de70-73d639bcad94, 0 %, 40960 MiB, 0 %, 32.24 W
NVIDIA A100-PCIE-40GB, 2023/06/11 15:49:51.733, GPU-19aad27d-53fb-dfa9-de70-73d639bcad94, 0 %, 40960 MiB, 0 %, 32.23 W
NVIDIA A100-PCIE-40GB, 2023/06/11 15:49:52.737, GPU-19aad27d-53fb-dfa9-de70-73d639bcad94, 0 %, 40960 MiB, 0 %, 32.24 W
NVIDIA A100-PCIE-40GB, 2023/06/11 15:49:53.743, GPU-19aad27d-53fb-dfa9-de70-73d639bcad94, 0 %, 40960 MiB, 0 %, 32.24 W
NVIDIA A100-PCIE-40GB, 2023/06/11 15:49:54.751, GPU-19aad27d-53fb-dfa9-de70-73d639bcad94, 0 %, 40960 MiB, 0 %, 32.24 W
NVIDIA A100-PCIE-40GB, 2023/06/11 15:49:55.759, GPU-19aad27d-53fb-dfa9-de70-73d639bcad94, 0 %, 40960 MiB, 0 %, 32.24 W
NVIDIA A100-PCIE-40GB, 2023/06/11 15:49:56.767, GPU-19aad27d-53fb-dfa9-de70-73d639bcad94, 0 %, 40960 MiB, 0 %, 32.24 W
NVIDIA A100-PCIE-40GB, 2023/06/11 15:49:57.775, GPU-19aad27d-53fb-dfa9-de70-73d639bcad94, 0 %, 40960 MiB, 0 %, 32.24 W
NVIDIA A100-PCIE-40GB, 2023/06/11 15:49:58.783, GPU-19aad27d-53fb-dfa9-de70-73d639bcad94, 0 %, 40960 MiB, 0 %, 32.24 W
NVIDIA A100-PCIE-40GB, 2023/06/11 15:49:59.788, GPU-19aad27d-53fb-dfa9-de70-73d639bcad94, 0 %, 40960 MiB, 0 %, 32.63 W
NVIDIA A100-PCIE-40GB, 2023/06/11 15:50:00.793, GPU-19aad27d-53fb-dfa9-de70-73d639bcad94, 0 %, 40960 MiB, 0 %, 37.44 W
NVIDIA A100-PCIE-40GB, 2023/06/11 15:50:01.796, GPU-19aad27d-53fb-dfa9-de70-73d639bcad94, 0 %, 40960 MiB, 0 %, 37.43 W
NVIDIA A100-PCIE-40GB, 2023/06/11 15:50:02.800, GPU-19aad27d-53fb-dfa9-de70-73d639bcad94, 0 %, 40960 MiB, 0 %, 32.24 W
NVIDIA A100-PCIE-40GB, 2023/06/11 15:50:03.804, GPU-19aad27d-53fb-dfa9-de70-73d639bcad94, 0 %, 40960 MiB, 0 %, 32.24 W
NVIDIA A100-PCIE-40GB, 2023/06/11 15:50:04.809, GPU-19aad27d-53fb-dfa9-de70-73d639bcad94, 0 %, 40960 MiB, 0 %, 32.24 W
NVIDIA A100-PCIE-40GB, 2023/06/11 15:50:05.816, GPU-19aad27d-53fb-dfa9-de70-73d639bcad94, 0 %, 40960 MiB, 0 %, 32.24 W
NVIDIA A100-PCIE-40GB, 2023/06/11 15:50:06.821, GPU-19aad27d-53fb-dfa9-de70-73d639bcad94, 0 %, 40960 MiB, 0 %, 32.24 W
NVIDIA A100-PCIE-40GB, 2023/06/11 15:50:07.825, GPU-19aad27d-53fb-dfa9-de70-73d639bcad94, 0 %, 40960 MiB, 0 %, 32.24 W
NVIDIA A100-PCIE-40GB, 2023/06/11 15:50:08.829, GPU-19aad27d-53fb-dfa9-de70-73d639bcad94, 0 %, 40960 MiB, 0 %, 32.24 W
NVIDIA A100-PCIE-40GB, 2023/06/11 15:50:09.834, GPU-19aad27d-53fb-dfa9-de70-73d639bcad94, 0 %, 40960 MiB, 0 %, 32.34 W
NVIDIA A100-PCIE-40GB, 2023/06/11 15:50:10.838, GPU-19aad27d-53fb-dfa9-de70-73d639bcad94, 0 %, 40960 MiB, 0 %, 32.24 W
NVIDIA A100-PCIE-40GB, 2023/06/11 15:50:11.842, GPU-19aad27d-53fb-dfa9-de70-73d639bcad94, 0 %, 40960 MiB, 0 %, 32.24 W
NVIDIA A100-PCIE-40GB, 2023/06/11 15:50:12.847, GPU-19aad27d-53fb-dfa9-de70-73d639bcad94, 0 %, 40960 MiB, 0 %, 32.24 W
NVIDIA A100-PCIE-40GB, 2023/06/11 15:50:13.851, GPU-19aad27d-53fb-dfa9-de70-73d639bcad94, 0 %, 40960 MiB, 0 %, 32.24 W
NVIDIA A100-PCIE-40GB, 2023/06/11 15:50:14.855, GPU-19aad27d-53fb-dfa9-de70-73d639bcad94, 0 %, 40960 MiB, 0 %, 32.24 W
NVIDIA A100-PCIE-40GB, 2023/06/11 15:50:15.860, GPU-19aad27d-53fb-dfa9-de70-73d639bcad94, 0 %, 40960 MiB, 0 %, 32.24 W
NVIDIA A100-PCIE-40GB, 2023/06/11 15:50:16.865, GPU-19aad27d-53fb-dfa9-de70-73d639bcad94, 0 %, 40960 MiB, 0 %, 32.24 W
NVIDIA A100-PCIE-40GB, 2023/06/11 15:50:17.870, GPU-19aad27d-53fb-dfa9-de70-73d639bcad94, 0 %, 40960 MiB, 0 %, 32.24 W
NVIDIA A100-PCIE-40GB, 2023/06/11 15:50:18.875, GPU-19aad27d-53fb-dfa9-de70-73d639bcad94, 0 %, 40960 MiB, 0 %, 32.13 W
NVIDIA A100-PCIE-40GB, 2023/06/11 15:50:19.879, GPU-19aad27d-53fb-dfa9-de70-73d639bcad94, 0 %, 40960 MiB, 0 %, 32.24 W
NVIDIA A100-PCIE-40GB, 2023/06/11 15:50:20.883, GPU-19aad27d-53fb-dfa9-de70-73d639bcad94, 0 %, 40960 MiB, 0 %, 32.24 W
NVIDIA A100-PCIE-40GB, 2023/06/11 15:50:21.888, GPU-19aad27d-53fb-dfa9-de70-73d639bcad94, 0 %, 40960 MiB, 0 %, 32.24 W
NVIDIA A100-PCIE-40GB, 2023/06/11 15:50:22.893, GPU-19aad27d-53fb-dfa9-de70-73d639bcad94, 0 %, 40960 MiB, 0 %, 32.24 W
NVIDIA A100-PCIE-40GB, 2023/06/11 15:50:23.898, GPU-19aad27d-53fb-dfa9-de70-73d639bcad94, 0 %, 40960 MiB, 0 %, 32.24 W
NVIDIA A100-PCIE-40GB, 2023/06/11 15:50:24.902, GPU-19aad27d-53fb-dfa9-de70-73d639bcad94, 0 %, 40960 MiB, 0 %, 32.24 W
NVIDIA A100-PCIE-40GB, 2023/06/11 15:50:25.907, GPU-19aad27d-53fb-dfa9-de70-73d639bcad94, 0 %, 40960 MiB, 0 %, 32.24 W
NVIDIA A100-PCIE-40GB, 2023/06/11 15:50:26.912, GPU-19aad27d-53fb-dfa9-de70-73d639bcad94, 0 %, 40960 MiB, 0 %, 32.24 W
NVIDIA A100-PCIE-40GB, 2023/06/11 15:50:27.916, GPU-19aad27d-53fb-dfa9-de70-73d639bcad94, 0 %, 40960 MiB, 0 %, 32.24 W
NVIDIA A100-PCIE-40GB, 2023/06/11 15:50:28.922, GPU-19aad27d-53fb-dfa9-de70-73d639bcad94, 0 %, 40960 MiB, 0 %, 32.24 W
NVIDIA A100-PCIE-40GB, 2023/06/11 15:50:29.929, GPU-19aad27d-53fb-dfa9-de70-73d639bcad94, 0 %, 40960 MiB, 0 %, 32.24 W
NVIDIA A100-PCIE-40GB, 2023/06/11 15:50:30.934, GPU-19aad27d-53fb-dfa9-de70-73d639bcad94, 0 %, 40960 MiB, 0 %, 32.24 W
NVIDIA A100-PCIE-40GB, 2023/06/11 15:50:31.938, GPU-19aad27d-53fb-dfa9-de70-73d639bcad94, 0 %, 40960 MiB, 0 %, 32.23 W
NVIDIA A100-PCIE-40GB, 2023/06/11 15:50:32.942, GPU-19aad27d-53fb-dfa9-de70-73d639bcad94, 0 %, 40960 MiB, 0 %, 41.44 W
NVIDIA A100-PCIE-40GB, 2023/06/11 15:50:33.946, GPU-19aad27d-53fb-dfa9-de70-73d639bcad94, 0 %, 40960 MiB, 0 %, 39.28 W
NVIDIA A100-PCIE-40GB, 2023/06/11 15:50:34.950, GPU-19aad27d-53fb-dfa9-de70-73d639bcad94, 0 %, 40960 MiB, 0 %, 32.24 W
NVIDIA A100-PCIE-40GB, 2023/06/11 15:50:35.955, GPU-19aad27d-53fb-dfa9-de70-73d639bcad94, 0 %, 40960 MiB, 0 %, 32.13 W
NVIDIA A100-PCIE-40GB, 2023/06/11 15:50:36.961, GPU-19aad27d-53fb-dfa9-de70-73d639bcad94, 0 %, 40960 MiB, 0 %, 32.24 W
NVIDIA A100-PCIE-40GB, 2023/06/11 15:50:37.968, GPU-19aad27d-53fb-dfa9-de70-73d639bcad94, 0 %, 40960 MiB, 0 %, 32.24 W
NVIDIA A100-PCIE-40GB, 2023/06/11 15:50:38.976, GPU-19aad27d-53fb-dfa9-de70-73d639bcad94, 0 %, 40960 MiB, 0 %, 32.23 W
NVIDIA A100-PCIE-40GB, 2023/06/11 15:50:39.981, GPU-19aad27d-53fb-dfa9-de70-73d639bcad94, 0 %, 40960 MiB, 0 %, 32.15 W
NVIDIA A100-PCIE-40GB, 2023/06/11 15:50:40.985, GPU-19aad27d-53fb-dfa9-de70-73d639bcad94, 0 %, 40960 MiB, 0 %, 32.13 W
NVIDIA A100-PCIE-40GB, 2023/06/11 15:50:41.990, GPU-19aad27d-53fb-dfa9-de70-73d639bcad94, 0 %, 40960 MiB, 0 %, 32.24 W
NVIDIA A100-PCIE-40GB, 2023/06/11 15:50:42.994, GPU-19aad27d-53fb-dfa9-de70-73d639bcad94, 0 %, 40960 MiB, 0 %, 32.13 W
NVIDIA A100-PCIE-40GB, 2023/06/11 15:50:43.999, GPU-19aad27d-53fb-dfa9-de70-73d639bcad94, 0 %, 40960 MiB, 0 %, 32.24 W
NVIDIA A100-PCIE-40GB, 2023/06/11 15:50:45.005, GPU-19aad27d-53fb-dfa9-de70-73d639bcad94, 0 %, 40960 MiB, 0 %, 32.13 W
NVIDIA A100-PCIE-40GB, 2023/06/11 15:50:46.013, GPU-19aad27d-53fb-dfa9-de70-73d639bcad94, 0 %, 40960 MiB, 0 %, 32.24 W
NVIDIA A100-PCIE-40GB, 2023/06/11 15:50:47.020, GPU-19aad27d-53fb-dfa9-de70-73d639bcad94, 0 %, 40960 MiB, 0 %, 32.13 W
NVIDIA A100-PCIE-40GB, 2023/06/11 15:50:48.028, GPU-19aad27d-53fb-dfa9-de70-73d639bcad94, 0 %, 40960 MiB, 0 %, 32.24 W
NVIDIA A100-PCIE-40GB, 2023/06/11 15:50:49.032, GPU-19aad27d-53fb-dfa9-de70-73d639bcad94, 0 %, 40960 MiB, 0 %, 32.24 W
NVIDIA A100-PCIE-40GB, 2023/06/11 15:50:50.036, GPU-19aad27d-53fb-dfa9-de70-73d639bcad94, 0 %, 40960 MiB, 0 %, 32.24 W
NVIDIA A100-PCIE-40GB, 2023/06/11 15:50:51.040, GPU-19aad27d-53fb-dfa9-de70-73d639bcad94, 0 %, 40960 MiB, 0 %, 32.24 W
NVIDIA A100-PCIE-40GB, 2023/06/11 15:50:52.045, GPU-19aad27d-53fb-dfa9-de70-73d639bcad94, 0 %, 40960 MiB, 0 %, 32.24 W
NVIDIA A100-PCIE-40GB, 2023/06/11 15:50:53.049, GPU-19aad27d-53fb-dfa9-de70-73d639bcad94, 0 %, 40960 MiB, 0 %, 32.23 W
NVIDIA A100-PCIE-40GB, 2023/06/11 15:50:54.054, GPU-19aad27d-53fb-dfa9-de70-73d639bcad94, 0 %, 40960 MiB, 0 %, 32.13 W
NVIDIA A100-PCIE-40GB, 2023/06/11 15:50:55.058, GPU-19aad27d-53fb-dfa9-de70-73d639bcad94, 0 %, 40960 MiB, 0 %, 32.24 W
NVIDIA A100-PCIE-40GB, 2023/06/11 15:50:56.062, GPU-19aad27d-53fb-dfa9-de70-73d639bcad94, 0 %, 40960 MiB, 0 %, 32.13 W
NVIDIA A100-PCIE-40GB, 2023/06/11 15:50:57.066, GPU-19aad27d-53fb-dfa9-de70-73d639bcad94, 0 %, 40960 MiB, 0 %, 32.24 W
NVIDIA A100-PCIE-40GB, 2023/06/11 15:50:58.073, GPU-19aad27d-53fb-dfa9-de70-73d639bcad94, 0 %, 40960 MiB, 0 %, 32.24 W
NVIDIA A100-PCIE-40GB, 2023/06/11 15:50:59.078, GPU-19aad27d-53fb-dfa9-de70-73d639bcad94, 0 %, 40960 MiB, 0 %, 32.24 W
NVIDIA A100-PCIE-40GB, 2023/06/11 15:51:00.082, GPU-19aad27d-53fb-dfa9-de70-73d639bcad94, 0 %, 40960 MiB, 0 %, 32.13 W
NVIDIA A100-PCIE-40GB, 2023/06/11 15:51:01.086, GPU-19aad27d-53fb-dfa9-de70-73d639bcad94, 0 %, 40960 MiB, 0 %, 32.24 W
NVIDIA A100-PCIE-40GB, 2023/06/11 15:51:02.091, GPU-19aad27d-53fb-dfa9-de70-73d639bcad94, 0 %, 40960 MiB, 0 %, 32.13 W
NVIDIA A100-PCIE-40GB, 2023/06/11 15:51:03.095, GPU-19aad27d-53fb-dfa9-de70-73d639bcad94, 0 %, 40960 MiB, 0 %, 32.13 W
NVIDIA A100-PCIE-40GB, 2023/06/11 15:51:04.103, GPU-19aad27d-53fb-dfa9-de70-73d639bcad94, 0 %, 40960 MiB, 0 %, 32.24 W
NVIDIA A100-PCIE-40GB, 2023/06/11 15:51:05.107, GPU-19aad27d-53fb-dfa9-de70-73d639bcad94, 0 %, 40960 MiB, 0 %, 32.13 W
NVIDIA A100-PCIE-40GB, 2023/06/11 15:51:06.111, GPU-19aad27d-53fb-dfa9-de70-73d639bcad94, 0 %, 40960 MiB, 0 %, 42.03 W
NVIDIA A100-PCIE-40GB, 2023/06/11 15:51:07.115, GPU-19aad27d-53fb-dfa9-de70-73d639bcad94, 0 %, 40960 MiB, 0 %, 42.13 W
NVIDIA A100-PCIE-40GB, 2023/06/11 15:51:08.118, GPU-19aad27d-53fb-dfa9-de70-73d639bcad94, 0 %, 40960 MiB, 0 %, 32.24 W
NVIDIA A100-PCIE-40GB, 2023/06/11 15:51:09.122, GPU-19aad27d-53fb-dfa9-de70-73d639bcad94, 0 %, 40960 MiB, 0 %, 32.24 W
NVIDIA A100-PCIE-40GB, 2023/06/11 15:51:10.127, GPU-19aad27d-53fb-dfa9-de70-73d639bcad94, 0 %, 40960 MiB, 0 %, 32.13 W
NVIDIA A100-PCIE-40GB, 2023/06/11 15:51:11.135, GPU-19aad27d-53fb-dfa9-de70-73d639bcad94, 0 %, 40960 MiB, 0 %, 32.24 W
NVIDIA A100-PCIE-40GB, 2023/06/11 15:51:12.139, GPU-19aad27d-53fb-dfa9-de70-73d639bcad94, 0 %, 40960 MiB, 0 %, 32.24 W
NVIDIA A100-PCIE-40GB, 2023/06/11 15:51:13.143, GPU-19aad27d-53fb-dfa9-de70-73d639bcad94, 0 %, 40960 MiB, 0 %, 32.24 W
NVIDIA A100-PCIE-40GB, 2023/06/11 15:51:14.148, GPU-19aad27d-53fb-dfa9-de70-73d639bcad94, 0 %, 40960 MiB, 0 %, 32.13 W
NVIDIA A100-PCIE-40GB, 2023/06/11 15:51:15.152, GPU-19aad27d-53fb-dfa9-de70-73d639bcad94, 0 %, 40960 MiB, 0 %, 32.13 W
NVIDIA A100-PCIE-40GB, 2023/06/11 15:51:16.159, GPU-19aad27d-53fb-dfa9-de70-73d639bcad94, 0 %, 40960 MiB, 0 %, 32.24 W
NVIDIA A100-PCIE-40GB, 2023/06/11 15:51:17.166, GPU-19aad27d-53fb-dfa9-de70-73d639bcad94, 0 %, 40960 MiB, 0 %, 32.24 W
NVIDIA A100-PCIE-40GB, 2023/06/11 15:51:18.170, GPU-19aad27d-53fb-dfa9-de70-73d639bcad94, 0 %, 40960 MiB, 0 %, 32.13 W
NVIDIA A100-PCIE-40GB, 2023/06/11 15:51:19.175, GPU-19aad27d-53fb-dfa9-de70-73d639bcad94, 0 %, 40960 MiB, 0 %, 32.13 W
NVIDIA A100-PCIE-40GB, 2023/06/11 15:51:20.179, GPU-19aad27d-53fb-dfa9-de70-73d639bcad94, 0 %, 40960 MiB, 0 %, 32.24 W
NVIDIA A100-PCIE-40GB, 2023/06/11 15:51:21.184, GPU-19aad27d-53fb-dfa9-de70-73d639bcad94, 0 %, 40960 MiB, 0 %, 32.24 W
NVIDIA A100-PCIE-40GB, 2023/06/11 15:51:22.189, GPU-19aad27d-53fb-dfa9-de70-73d639bcad94, 0 %, 40960 MiB, 0 %, 32.24 W
NVIDIA A100-PCIE-40GB, 2023/06/11 15:51:23.195, GPU-19aad27d-53fb-dfa9-de70-73d639bcad94, 0 %, 40960 MiB, 0 %, 32.13 W
NVIDIA A100-PCIE-40GB, 2023/06/11 15:51:24.199, GPU-19aad27d-53fb-dfa9-de70-73d639bcad94, 0 %, 40960 MiB, 0 %, 32.24 W
NVIDIA A100-PCIE-40GB, 2023/06/11 15:51:25.204, GPU-19aad27d-53fb-dfa9-de70-73d639bcad94, 0 %, 40960 MiB, 0 %, 32.24 W
NVIDIA A100-PCIE-40GB, 2023/06/11 15:51:26.208, GPU-19aad27d-53fb-dfa9-de70-73d639bcad94, 0 %, 40960 MiB, 0 %, 32.24 W
NVIDIA A100-PCIE-40GB, 2023/06/11 15:51:27.214, GPU-19aad27d-53fb-dfa9-de70-73d639bcad94, 0 %, 40960 MiB, 0 %, 32.13 W
NVIDIA A100-PCIE-40GB, 2023/06/11 15:51:28.220, GPU-19aad27d-53fb-dfa9-de70-73d639bcad94, 0 %, 40960 MiB, 0 %, 32.15 W
NVIDIA A100-PCIE-40GB, 2023/06/11 15:51:29.228, GPU-19aad27d-53fb-dfa9-de70-73d639bcad94, 0 %, 40960 MiB, 0 %, 32.24 W
NVIDIA A100-PCIE-40GB, 2023/06/11 15:51:30.235, GPU-19aad27d-53fb-dfa9-de70-73d639bcad94, 0 %, 40960 MiB, 0 %, 32.15 W
NVIDIA A100-PCIE-40GB, 2023/06/11 15:51:31.239, GPU-19aad27d-53fb-dfa9-de70-73d639bcad94, 0 %, 40960 MiB, 0 %, 32.24 W
NVIDIA A100-PCIE-40GB, 2023/06/11 15:51:32.244, GPU-19aad27d-53fb-dfa9-de70-73d639bcad94, 0 %, 40960 MiB, 0 %, 32.13 W
NVIDIA A100-PCIE-40GB, 2023/06/11 15:51:33.248, GPU-19aad27d-53fb-dfa9-de70-73d639bcad94, 0 %, 40960 MiB, 0 %, 32.15 W
NVIDIA A100-PCIE-40GB, 2023/06/11 15:51:34.253, GPU-19aad27d-53fb-dfa9-de70-73d639bcad94, 0 %, 40960 MiB, 0 %, 32.24 W
NVIDIA A100-PCIE-40GB, 2023/06/11 15:51:35.260, GPU-19aad27d-53fb-dfa9-de70-73d639bcad94, 0 %, 40960 MiB, 0 %, 32.24 W
NVIDIA A100-PCIE-40GB, 2023/06/11 15:51:36.266, GPU-19aad27d-53fb-dfa9-de70-73d639bcad94, 0 %, 40960 MiB, 0 %, 32.13 W
NVIDIA A100-PCIE-40GB, 2023/06/11 15:51:37.270, GPU-19aad27d-53fb-dfa9-de70-73d639bcad94, 0 %, 40960 MiB, 0 %, 32.15 W
NVIDIA A100-PCIE-40GB, 2023/06/11 15:51:38.275, GPU-19aad27d-53fb-dfa9-de70-73d639bcad94, 0 %, 40960 MiB, 0 %, 35.67 W
NVIDIA A100-PCIE-40GB, 2023/06/11 15:51:39.282, GPU-19aad27d-53fb-dfa9-de70-73d639bcad94, 0 %, 40960 MiB, 0 %, 45.65 W
NVIDIA A100-PCIE-40GB, 2023/06/11 15:51:40.286, GPU-19aad27d-53fb-dfa9-de70-73d639bcad94, 0 %, 40960 MiB, 0 %, 32.53 W
NVIDIA A100-PCIE-40GB, 2023/06/11 15:51:41.290, GPU-19aad27d-53fb-dfa9-de70-73d639bcad94, 0 %, 40960 MiB, 0 %, 32.13 W
NVIDIA A100-PCIE-40GB, 2023/06/11 15:51:42.294, GPU-19aad27d-53fb-dfa9-de70-73d639bcad94, 0 %, 40960 MiB, 0 %, 32.13 W
NVIDIA A100-PCIE-40GB, 2023/06/11 15:51:43.300, GPU-19aad27d-53fb-dfa9-de70-73d639bcad94, 0 %, 40960 MiB, 0 %, 32.15 W
NVIDIA A100-PCIE-40GB, 2023/06/11 15:51:44.308, GPU-19aad27d-53fb-dfa9-de70-73d639bcad94, 0 %, 40960 MiB, 0 %, 32.15 W
NVIDIA A100-PCIE-40GB, 2023/06/11 15:51:45.314, GPU-19aad27d-53fb-dfa9-de70-73d639bcad94, 0 %, 40960 MiB, 0 %, 32.13 W
NVIDIA A100-PCIE-40GB, 2023/06/11 15:51:46.322, GPU-19aad27d-53fb-dfa9-de70-73d639bcad94, 0 %, 40960 MiB, 0 %, 32.13 W
NVIDIA A100-PCIE-40GB, 2023/06/11 15:51:47.329, GPU-19aad27d-53fb-dfa9-de70-73d639bcad94, 0 %, 40960 MiB, 0 %, 32.15 W
